<?xml version="1.0" encoding="UTF-8"?>
<!DOCTYPE type PUBLIC "-//NetBeans//DTD annotation type 1.0//EN" "http://www.netbeans.org/dtds/annotation-type-1_0.dtd">
<type browseable="false" description_key="HINT_MIXED_BREAKPOINTS" glyph="nbresloc:/org/netbeans/modules/cnd/debugger/common2/icons/Bpt_mult.png" highlight="0xff" inherit_foreground_color="true" localizing_bundle="org.netbeans.modules.debugger.resources.Bundle" name="Dbx_Bpt_compound" priority="0" severity="none" type="line" use_custom_sidebar_color="false" use_highlight_color="false" use_wave_underline_color="false" visible="true">
    <combination min_optionals="1" order="4" tiptext_key="HINT_MIXED_BREAKPOINTS_TOOLTIP">
        <combine absorb_all="false" annotationtype="Dbx_Bpt_diverse" optional="true"/>
        <combine absorb_all="false" annotationtype="Dbx_Bpt_multi" optional="true"/>
        <combine absorb_all="false" annotationtype="Dbx_Bpt_multi_broken" optional="true"/>
        <combine absorb_all="false" annotationtype="Dbx_Bpt_multi_broken_dis" optional="true"/>
        <combine absorb_all="false" annotationtype="Dbx_Bpt_multi_dis" optional="true"/>
        <combine absorb_all="false" annotationtype="Dbx_Bpt_multi_cmpx" optional="true"/>
        <combine absorb_all="false" annotationtype="Dbx_Bpt_multi_cmpx_broken" optional="true"/>
        <combine absorb_all="false" annotationtype="Dbx_Bpt_multi_cmpx_broken_dis" optional="true"/>
        <combine absorb_all="false" annotationtype="Dbx_Bpt_multi_cmpx_dis" optional="true"/>
    </combination>
</type>
